{"identifier":"default5","minVersion":"1.0.0","processors":[{"name":"blendWithColor","parameters":{"color":{"a":255,"r":251,"g":243,"b":213},"blendMode":"multiply","alpha":1.0}},{"name":"blendWithColor","parameters":{"color":{"a":255,"r":222,"g":128,"b":17},"blendMode":"multiply","alpha":0.07}},{"name":"vignette","parameters":{"color":{"a":17,"r":0,"g":0,"b":0},"shape":{"scaling":"stretch","shapeMode":"sharp","vignetteScale":0.75},"blendMode":"multiply"}},{"name":"vignette","parameters":{"color":{"a":255,"r":0,"g":0,"b":0},"shape":{"scaling":"stretch","vignetteScale":0.82},"blendMode":"overlay"}},{"name":"flare","parameters":{"fScale":1.6,"color":{"a":51,"r":255,"g":255,"b":255},"type":"blob2","dx":0,"dy":0,"dsx":1,"dsy":1,"blendMode":"normal"}},{"name":"gamma","parameters":{"value":1.2}},{"name":"colorMatrixTransform","parameters":{"operations":[{"operation":"saturation","value":0.83},{"operation":"brightness","value":1.25}]}}]}