{
  "sdkVersion": "2.7",
  "packVersion": "1.0.0",
  "packVersionCode" : 2,
  "assetVersion": "1.0.0",
  "thumbnailURL": "TBD!",
  "requiresDownload": false,
  "requiresPurchase": false,
  "isFreePurchase": false,
  "packType": "effect",
  "identifier": "com.aviary.android.feather",
  "codename": "default",
  "displayName": "Original",
  "displayDescription": "",
  "minVersion": "1.0.0",
  "items": [
    {
      "displayName": "Clyde",
      "ref": "default5.json"
    },
    {
      "displayName": "Avenue",
      "ref": "default10.json"
    },
    {
      "displayName": "Haas",
      "ref": "default2.json"
    },
    {
      "displayName": "Arizona",
      "ref": "default9.json"
    },
    {
      "displayName": "Lucky",
      "ref": "default11.json"
    },
    {
      "displayName": "Dean",
      "ref": "default1.json"
    },
    {
      "displayName": "Keylime",
      "ref": "default8.json"
    },
    {
      "displayName": "Marie",
      "ref": "default7.json"
    },
    {
      "displayName": "Boardwalk",
      "ref": "default3.json"
    },
    {
      "displayName": "Sage",
      "ref": "default13.json"
    },
    {
      "displayName": "Metropolis",
      "ref": "default6.json"
    },
    {
      "displayName": "Cruz",
      "ref": "default12.json"
    }
  ]
}